-- Insert into department
insert into department (dept_name) values ('HR'), ('IT'), ('Finance');
insert into department (dept_name) values ('Marketing'), ('Operations'), ('Sales'), ('Support');
insert into department (dept_name) values ('Logistics'), ('Legal'), ('Customer Service'), ('Product Development');

-- Insert into employee
insert into employee (first_name, last_name, email, phone, hire_date, dept_id) values 
('John', 'Doe', 'john.doe@example.com', '9876543210', '2023-06-01', 2),
('Jane', 'Smith', 'jane.smith@example.com', '9123456789', '2022-04-15', 3),
('Alice', 'Brown', 'alice.brown@example.com', '9345678901', '2021-09-25', 1),
('Robert', 'Johnson', 'robert.johnson@example.com', '9012345678', '2020-08-12', 4),
('Emily', 'Davis', 'emily.davis@example.com', '9234567890', '2019-05-30', 5),
('Michael', 'Wilson', 'michael.wilson@example.com', '9456789012', '2022-11-10', 6),
('Sophia', 'Miller', 'sophia.miller@example.com', '9567890123', '2023-02-18', 7),
('David', 'Anderson', 'david.anderson@example.com', '9678901234', '2021-07-20', 2),
('Olivia', 'Thomas', 'olivia.thomas@example.com', '9789012345', '2018-03-05', 3),
('James', 'Clark', 'james.clark@example.com', '9098765432', '2020-10-15', 8),
('Lily', 'Martinez', 'lily.martinez@example.com', '9123456781', '2021-01-12', 9),
('Benjamin', 'Hall', 'benjamin.hall@example.com', '9345678902', '2019-04-18', 10),
('Charlotte', 'Young', 'charlotte.young@example.com', '9456789013', '2022-07-29', 11),
('Daniel', 'King', 'daniel.king@example.com', '9567890124', '2023-08-09', 5),
('Amelia', 'Scott', 'amelia.scott@example.com', '9678901235', '2018-06-21', 6),
('William', 'Green', 'william.green@example.com', '9789012346', '2017-03-14', 7),
('Evelyn', 'Baker', 'evelyn.baker@example.com', '9890123457', '2020-12-05', 8),
('Logan', 'Perez', 'logan.perez@example.com', '9012345679', '2021-09-03', 9),
('Isabella', 'Carter', 'isabella.carter@example.com', '9123456782', '2019-11-22', 10),
('Jacob', 'Reed', 'jacob.reed@example.com', '9012345673', '2024-02-10', 3),
('Grace', 'Morgan', 'grace.morgan@example.com', '9123456784', '2024-01-15', 2),
('Aiden', 'Wright', 'aiden.wright@example.com', '9234567893', '2023-12-05', 4),
('Mia', 'Harris', 'mia.harris@example.com', '9345678904', '2023-11-22', 6),
('Elijah', 'Hill', 'elijah.hill@example.com', '9456789015', '2023-10-10', 7),
('Scarlett', 'Cooper', 'scarlett.cooper@example.com', '9567890126', '2023-09-30', 5),
('Henry', 'Flores', 'henry.flores@example.com', '9678901237', '2023-08-17', 8),
('Avery', 'Ramirez', 'avery.ramirez@example.com', '9789012348', '2023-07-20', 9),
('Mason', 'Powell', 'mason.powell@example.com', '9890123459', '2023-06-05', 10),
('Harper', 'Bennett', 'harper.bennett@example.com', '9001234567', '2023-05-18', 11),
('Ethan', 'Foster', 'ethan.foster@example.com', '9112345671', '2024-03-05', 3),
('Chloe', 'Bell', 'chloe.bell@example.com', '9223456782', '2024-02-25', 1),
('Samuel', 'Adams', 'samuel.adams@example.com', '9334567893', '2024-01-30', 5),
('Isla', 'Cook', 'isla.cook@example.com', '9445678904', '2024-01-05', 4),
('Owen', 'Murphy', 'owen.murphy@example.com', '9556789015', '2023-12-15', 7),
('Ella', 'Rogers', 'ella.rogers@example.com', '9667890126', '2023-11-25', 6),
('Lucas', 'Bailey', 'lucas.bailey@example.com', '9778901237', '2023-10-30', 9),
('Mila', 'Kelly', 'mila.kelly@example.com', '9889012348', '2023-09-20', 10),
('Jackson', 'Perry', 'jackson.perry@example.com', '9990123459', '2023-08-05', 8),
('Luna', 'Jenkins', 'luna.jenkins@example.com', '9101234560', '2023-07-15', 11),
('Dylan', 'Howard', 'dylan.howard@example.com', '9212345672', '2023-06-28', 2),
('Zoe', 'Cruz', 'zoe.cruz@example.com', '9323456783', '2023-05-30', 3),
('Sebastian', 'Hayes', 'sebastian.hayes@example.com', '9434567894', '2023-04-12', 4),
('Aria', 'Brooks', 'aria.brooks@example.com', '9545678905', '2023-03-20', 5),
('Nathan', 'Gray', 'nathan.gray@example.com', '9656789016', '2023-02-18', 6),
('Madison', 'Ward', 'madison.ward@example.com', '9767890127', '2023-01-08', 7),
('Caleb', 'Evans', 'caleb.evans@example.com', '9878901238', '2023-03-01', 8),
('Sophie', 'Long', 'sophie.long@example.com', '9989012349', '2023-02-22', 9),
('Levi', 'Russell', 'levi.russell@example.com', '9090123450', '2023-01-15', 10),
('Layla', 'Griffin', 'layla.griffin@example.com', '9101234561', '2023-03-30', 11),
('Oliver', 'Nelson', 'oliver.nelson@example.com', '9012345670', '2022-02-20', 4),
('Sophia', 'Mitchell', 'sophia.mitchell@example.com', '9123456799', '2021-05-10', 3),
('Liam', 'Ward', 'liam.ward@example.com', '9234567892', '2020-11-15', 5),
('Emily', 'Patterson', 'emily.patterson@example.com', '9345678903', '2019-09-25', 7),
('Noah', 'Hughes', 'noah.hughes@example.com', '9456789014', '2018-03-12', 6),
('Ava', 'James', 'ava.james@example.com', '9567890125', '2017-08-09', 8),
('Carter', 'Moore', 'carter.moore@example.com', '9678901236', '2016-04-28', 9),
('Abigail', 'Rogers', 'abigail.rogers@example.com', '9789012347', '2015-12-05', 10),
('Ethan', 'Cook', 'ethan.cook@example.com', '9890123458', '2014-05-18', 11),
('Grace', 'Butler', 'grace.butler@example.com', '9001234568', '2013-07-14', 2),
('Mason', 'Morgan', 'mason.morgan@example.com', '9112345679', '2012-01-22', 3),
('Mia', 'Wood', 'mia.wood@example.com', '9223456780', '2011-11-05', 4),
('James', 'Brooks', 'james.brooks@example.com', '9334567891', '2010-06-25', 5),
('Emma', 'Sanders', 'emma.sanders@example.com', '9445678902', '2009-04-30', 6),
('Alexander', 'Cole', 'alexander.cole@example.com', '9556789013', '2008-08-20', 7),
('Isabella', 'Gray', 'isabella.gray@example.com', '9667890124', '2007-12-15', 8),
('Lucas', 'Reed', 'lucas.reed@example.com', '9778901235', '2006-03-17', 9),
('Amelia', 'Long', 'amelia.long@example.com', '9889012346', '2005-09-30', 10),
('Daniel', 'Price', 'daniel.price@example.com', '9990123457', '2004-02-01', 11),
('Ella', 'Bennett', 'ella.bennett@example.com', '9001234569', '2003-10-12', 2),
('Ryan', 'Cooper', 'ryan.cooper@example.com', '9102345671', '2024-02-15', 1),
('Chloe', 'Adams', 'chloe.adams@example.com', '9123456793', '2024-05-01', 2),
('Lily', 'Harrison', 'lily.harrison@example.com', '9234567894', '2024-08-20', 3),
('Evan', 'Sullivan', 'evan.sullivan@example.com', '9345678905', '2024-11-05', 4),
('Sophia', 'Carter', 'sophia.carter@example.com', '9456789016', '2024-12-25', 5),
('David', 'Green', 'david.green@example.com', '9567890127', '2023-09-30', 6),
('Olivia', 'Scott', 'olivia.scott@example.com', '9678901238', '2023-10-20', 7),
('Jacob', 'Reynolds', 'jacob.reynolds@example.com', '9789012349', '2024-01-10', 8),
('Ella', 'Jenkins', 'ella.jenkins@example.com', '9890123460', '2023-12-01', 9),
('Daniel', 'Perry', 'daniel.perry@example.com', '9001234561', '2023-11-15', 10),
('Jack', 'Wilson', 'jack.wilson@example.com', '9102345672', '2024-03-10', 1),
('Lucy', 'Evans', 'lucy.evans@example.com', '9123456794', '2024-06-15', 2),
('Henry', 'Bell', 'henry.bell@example.com', '9234567895', '2024-07-30', 3),
('Grace', 'Kelly', 'grace.kelly@example.com', '9345678906', '2024-09-05', 4),
('Thomas', 'Cook', 'thomas.cook@example.com', '9456789017', '2024-11-22', 5),
('Isla', 'Morris', 'isla.morris@example.com', '9567890128', '2023-08-18', 6),
('Ethan', 'Griffin', 'ethan.griffin@example.com', '9678901239', '2023-09-25', 7),
('Zoe', 'Wright', 'zoe.wright@example.com', '9789012350', '2024-02-28', 8),
('Leo', 'Russell', 'leo.russell@example.com', '9890123461', '2023-11-05', 9),
('Hannah', 'Barnes', 'hannah.barnes@example.com', '9001234562', '2023-10-12', 10);


-- Insert into salary
insert into emp_salary (emp_id, salary, bonus) values 
(1, 60000, 5000),
(2, 75000, 8000),
(3, 50000, 3000),
(4, 85000, 10000),
(5, 92000, 12000),
(6, 67000, 7000),
(7, 55000, 4500),
(8, 72000, 8500),
(9, 89000, 11000),
(10, 65000, 5500),
(11, 71000, 6000),
(12, 48000, 3000),
(13, 53000, 3500),
(14, 67000, 7000),
(15, 95000, 13000),
(16, 62000, 6500),
(17, 79000, 9000),
(18, 58000, 4000),
(19, 76000, 8000);

-- Insert into attendance
insert into emp_attendance (emp_id, att_date, status) values 
(1, '2024-03-27', 'Present'),
(2, '2024-03-27', 'Absent'),
(3, '2024-03-27', 'Leave'),
(4, '2024-03-27', 'Present'),
(5, '2024-03-27', 'Present'),
(6, '2024-03-27', 'Absent'),
(7, '2024-03-27', 'Leave'),
(8, '2024-03-27', 'Present'),
(9, '2024-03-27', 'Present'),
(10, '2024-03-27', 'Present'),
(11, '2024-03-27', 'Present'),
(12, '2024-03-27', 'Absent'),
(13, '2024-03-27', 'Present'),
(14, '2024-03-27', 'Leave'),
(15, '2024-03-27', 'Present'),
(16, '2024-03-27', 'Present'),
(17, '2024-03-27', 'Absent'),
(18, '2024-03-27', 'Present'),
(19, '2024-03-27', 'Present'),
(1, '2024-03-28', 'Present'),
(2, '2024-03-28', 'Present'),
(3, '2024-03-28', 'Absent'),
(4, '2024-03-28', 'Leave'),
(5, '2024-03-28', 'Present'),
(6, '2024-03-28', 'Present'),
(7, '2024-03-28', 'Present'),
(8, '2024-03-28', 'Absent'),
(10, '2024-03-28', 'Present');

